#,DATE,DAY,MONTH,Q,# OF DOCTORS,Pediatric Dentist Day?,TOTAL OPERATIVE VISIT,TOTAL HYGIENE VISIT,TOTAL PATIENTS VISITS,TOTAL NEW PATIENTS, DAILY GOAL , TOTAL PRODUCTION , RUNNING TOTAL GOAL YTD , RUNNING TOTAL ACTUAL YTD , GAIN/(SHORTFALL) YTD , TOTAL PRODUCTION PER DOCTOR , OVER (UNDER) , PRODUCTION PER HOUR ,TOTAL APPT SCHEDULED,NO SHOW RATE, DENTIST COST ,1ST DOCTOR,2ND DOCTOR,3RD DOCTOR,4TH DOCTOR,NOTES
1,1/2/2018,Tuesday,January,Q1,n/a,n/a,24,43,67,2," $9,000 "," $9,468.16 "," $9,000 "," $9,468 ",468.16 , n/a , $468.16 ," $1,262.42 ",119,44%,,,,,,
2,1/3/2018,Wednesday,January,Q1,n/a,n/a,37,32,69,4," $9,000 "," $9,231.02 "," $18,000 "," $18,699 ",699.18 , n/a , $231.02 ," $1,230.80 ",113,39%,,,,,,
3,1/4/2018,Thursday,January,Q1,n/a,n/a,,,,," $9,000 ",," $27,000 "," $18,699 ","$ (8,300.82)", n/a ," $(9,000.00)", $-   ,,#DIV/0!,,,,,,CLOSED FOR SNOW
4,1/5/2018,Friday,January,Q1,n/a,n/a,2,30,32,5," $8,000 "," $4,135.13 "," $35,000 "," $22,834 ","$ (12,165.69)", n/a ," $(3,864.87)", $636.17 ,109,71%,,,,,,weekend after snowstorm
5,1/6/2018,Saturday,January,Q1,n/a,n/a,15,21,36,2," $7,000 "," $5,483.21 "," $42,000 "," $28,318 ","$ (13,682.48)", n/a ," $(1,516.79)", $731.09 ,88,59%,,,,,,snowstorm weekend
6,1/8/2018,Monday,January,Q1,n/a,n/a,17,19,36,6," $9,000 "," $6,436.18 "," $51,000 "," $34,754 ","$ (16,246.30)", n/a ," $(2,563.82)", $858.16 ,115,69%,,,,,,closed at 2 because of storm
7,1/9/2018,Tuesday,January,Q1,n/a,n/a,26,36,62,7," $9,000 "," $8,308.25 "," $60,000 "," $43,062 ","$ (16,938.05)", n/a , $(691.75)," $1,107.77 ",114,46%,,,,,,day after ice storm& cold temperatures
8,1/10/2018,Wednesday,January,Q1,n/a,n/a,16,37,53,8," $9,000 "," $7,986.80 "," $69,000 "," $51,049 ","$ (17,951.25)", n/a ," $(1,013.20)"," $1,064.91 ",118,55%,,,,,,extremly cold temperatures
9,1/11/2018,Thursday,January,Q1,n/a,n/a,30,22,52,19," $9,000 "," $10,459.64 "," $78,000 "," $61,508 ","$ (16,491.61)", n/a ," $1,459.64 "," $1,394.62 ",116,55%,,,,,,
10,1/15/2018,Monday,January,Q1,n/a,n/a,40,47,87,2," $9,000 "," $12,221.03 "," $87,000 "," $73,729 ","$ (13,270.58)", n/a ," $3,221.03 "," $1,629.47 ",119,27%,,,,,,school closed
11,1/16/2018,Tuesday,January,Q1,2,NO,24,30,54,6," $9,000 "," $8,042.12 "," $96,000 "," $81,772 ","$ (14,228.46)"," $4,021.06 ", $(957.88)," $1,072.28 ",107,50%, $798 ,KEVIN,POUYAN,,,
12,1/17/2018,Wednesday,January,Q1,3,NO,20,35,55,0," $9,000 "," $7,774.81 "," $105,000 "," $89,546 ","$ (15,453.65)"," $2,591.60 "," $(1,225.19)"," $1,036.64 ",102,46%,,KEVIN,BRITTANY,TEMP,,snow that morning 2 hour delay w schools
13,1/18/2018,Thursday,January,Q1,3,NO,30,40,70,5," $9,000 "," $9,680.57 "," $114,000 "," $99,227 ","$ (14,773.08)"," $3,226.86 ", $680.57 ," $1,290.74 ",100,30%,,BRITTANY,OLIMBI,TEMP,,
14,1/19/2018,Friday,January,Q1,2,NO,0,62,62,10," $7,000 "," $6,583.58 "," $121,000 "," $105,811 ","$ (15,189.50)"," $3,291.79 ", $(416.42)," $1,012.86 ",109,43%,,KEVIN,SAMARA,,,
15,1/22/2018,Monday,January,Q1,3,NO,40,38,78,2," $9,000 "," $9,880.60 "," $130,000 "," $115,691 ","$ (14,308.90)"," $3,293.53 ", $880.60 ," $1,317.41 ",110,29%,,KEVIN,OLIMBI,TEMP,,
16,1/23/2018,Tuesday,January,Q1,2,NO,33,34,67,9," $9,000 "," $9,385.03 "," $139,000 "," $125,076 ","$ (13,923.87)"," $4,692.52 ", $385.03 ," $1,251.34 ",101,34%,,KEVIN,POUYAN,,,
17,1/24/2018,Wednesday,January,Q1,3,NO,33,40,73,6," $9,000 "," $10,776.13 "," $148,000 "," $135,852 ","$ (12,147.74)"," $3,592.04 "," $1,776.13 "," $1,436.82 ",108,32%,,KEVIN,POUYAN,BRITTANY,,
18,1/25/2018,Thursday,January,Q1,3,NO,29,36,65,5," $9,000 "," $9,064.82 "," $157,000 "," $144,917 ","$ (12,082.92)"," $3,021.61 ", $64.82 ," $1,208.64 ",112,42%,,BRITTANY,OLIMBI,TEMP,,
19,1/29/2018,Monday,January,Q1,3,YES,32,35,67,5," $9,000 "," $10,571.87 "," $166,000 "," $155,489 ","$ (10,511.05)"," $3,523.96 "," $1,571.87 "," $1,409.58 ",119,44%,,PINO,OLIMBI,TEMP,,
20,1/30/2018,Tuesday,January,Q1,2,NO,29,46,75,7," $9,000 "," $10,181.21 "," $175,000 "," $165,670 ","$ (9,329.84)"," $5,090.61 "," $1,181.21 "," $1,357.49 ",110,32%,,KEVIN,POUYAN,,,
21,1/31/2018,Wednesday,January,Q1,3,NO,41,34,75,6," $9,000 "," $10,919.45 "," $184,000 "," $176,590 ","$ (7,410.39)"," $3,639.82 "," $1,919.45 "," $1,455.93 ",110,32%,,KEVIN,POUYAN,BRITTANY,,
22,2/1/2018,Thursday,February,Q1,4,YES,36,38,74,7," $9,000 "," $10,238.30 "," $193,000 "," $186,828 ","$ (6,172.09)"," $2,559.58 "," $1,238.30 "," $1,365.11 ",105,30%,,PINO,BRITTANY,OLIMBI,TEMP,
23,2/2/2018,Friday,February,Q1,3,NO,2,59,61,6," $7,000 "," $7,780.75 "," $200,000 "," $194,609 ","$ (5,391.34)"," $2,593.58 ", $780.75 ," $1,197.04 ",86,29%,,KEVIN,SAMARA,HEATHER,,could have been more op flex some patients
24,2/5/2018,Monday,February,Q1,3,YES,39,20,59,10," $9,000 "," $9,614.11 "," $209,000 "," $204,223 ","$ (4,777.23)"," $3,204.70 ", $614.11 ," $1,281.88 ",101,42%,,PINO,KEVIN,HEATHER,,
25,2/6/2018,Tuesday,February,Q1,3,NO,31,37,68,4," $9,000 "," $8,955.67 "," $218,000 "," $213,178 ","$ (4,821.56)"," $2,985.22 ", $(44.33)," $1,194.09 ",110,38%,,KEVIN,POUYAN,ABBY,,
26,2/7/2018,Wednesday,February,Q1,3,NO,17,31,48,6," $9,000 "," $6,873.41 "," $227,000 "," $220,052 ","$ (6,948.15)"," $2,291.14 "," $(2,126.59)", $916.45 ,112,57%,,KEVIN,POUYAN,BRITTANY,,2 hr delay
27,2/8/2018,Thursday,February,Q1,0,NO,,,,," $9,000 ",," $236,000 "," $220,052 ","$ (15,948.15)", 0 ," $(9,000.00)", $-   ,,#DIV/0!,,,,,,closed
28,2/12/2018,Monday,February,Q1,3,YES,27,30,57,4," $9,000 "," $9,048.63 "," $245,000 "," $229,100 ","$ (15,899.52)"," $3,016.21 ", $48.63 ," $1,206.48 ",109,48%,,PINO,KEVIN,TEMP,,
29,2/13/2018,Tuesday,February,Q1,3,NO,36,28,64,6," $9,000 "," $9,167.69 "," $254,000 "," $238,268 ","$ (15,731.83)"," $3,055.90 ", $167.69 ," $1,222.36 ",115,44%,,KEVIN,POUYAN,ABBY,,
30,2/14/2018,Wednesday,February,Q1,3,NO,26,33,59,9," $9,000 "," $9,195.63 "," $263,000 "," $247,464 ","$ (15,536.20)"," $3,065.21 ", $195.63 ," $1,226.08 ",114,48%,,KEVIN,POUYAN,BRITTANY,,
31,2/15/2018,Thursday,February,Q1,3,YES,34,41,75,10," $9,000 "," $12,757.94 "," $272,000 "," $260,222 ","$ (11,778.26)"," $4,252.65 "," $3,757.94 "," $1,701.06 ",108,31%,,PINO,BRITTANY,OLIMBI,,
32,2/16/2018,Friday,February,Q1,3,NO,15,62,77,5," $8,000 "," $9,597.21 "," $280,000 "," $269,819 ","$ (10,181.05)"," $3,199.07 "," $1,597.21 "," $1,476.49 ",116,34%,,KEVIN,HEATHER,SAMARA,,school closed/ OP & HYG
33,2/19/2018,Monday,February,Q1,4,YES,33,50,83,5," $10,000 "," $13,677.73 "," $290,000 "," $283,497 ","$ (6,503.32)"," $3,419.43 "," $3,677.73 "," $1,823.70 ",124,33%,,PINO,KEVIN,HEATHER,TEMP,
34,2/20/2018,Tuesday,February,Q1,3,NO,33,40,73,10," $10,000 "," $11,183.07 "," $300,000 "," $294,680 ","$ (5,320.25)"," $3,727.69 "," $1,183.07 "," $1,491.08 ",121,40%,,KEVIN,POUYAN,ABBY,,
35,2/21/2018,Wednesday,February,Q1,3,NO,31,41,72,4," $10,000 "," $10,718.66 "," $310,000 "," $305,398 ","$ (4,601.59)"," $3,572.89 ", $718.66 ," $1,429.15 ",119,39%,,KEVIN,POUYAN,BRITTANY,,
36,2/22/2018,Thursday,February,Q1,2,NO,18,34,52,5," $10,000 "," $8,439.39 "," $320,000 "," $313,838 ","$ (6,162.20)"," $4,219.70 "," $(1,560.61)"," $1,125.25 ",95,45%,,KEVIN,BRITTANY,,,2 dentist
37,2/26/2018,Monday,February,Q1,4,YES,36,41,77,9," $10,000 "," $11,609.15 "," $330,000 "," $325,447 ","$ (4,553.05)"," $2,902.29 "," $1,609.15 "," $1,547.89 ",123,37%,,PINO,KEVIN,HEATHER,TEMP,
38,2/27/2018,Tuesday,February,Q1,3,NO,29,29,58,5," $10,000 "," $8,361.83 "," $340,000 "," $333,809 ","$ (6,191.22)"," $2,787.28 "," $(1,638.17)"," $1,114.91 ",121,52%,,KEVIN,POUYAN,TEMP,,
39,2/28/2018,Wednesday,February,Q1,3,NO,33,49,82,8," $10,000 "," $12,088.25 "," $350,000 "," $345,897 ","$ (4,102.97)"," $4,029.42 "," $2,088.25 "," $1,611.77 ",119,31%,,KEVIN,POUYAN,BRITTANY,,
40,3/1/2018,Thursday,March,Q1,3,NO,29,34,63,5," $10,500 "," $7,540.41 "," $360,500 "," $353,437 ","$ (7,062.56)"," $2,513.47 "," $(2,959.59)"," $1,005.39 ",110,43%,,BRITTANY,OLIMBI,TEMP,,
41,3/2/2018,Friday,March,Q1,3,NO,20,36,56,8," $8,000 "," $7,740.49 "," $368,500 "," $361,178 ","$ (7,322.07)"," $2,580.16 ", $(259.51)," $1,190.84 ",99,43%,,KEVIN,HEATHER,SAMARA,,OP & HYG
42,3/5/2018,Monday,March,Q1,4,YES,37,29,66,12," $10,500 "," $11,138.69 "," $379,000 "," $372,317 ","$ (6,683.38)"," $2,784.67 ", $638.69 ," $1,485.16 ",119,45%,,PINO,KEVIN,HEATHER,TEMP,
43,3/6/2018,Tuesday,March,Q1,4,NO,36,45,81,7," $10,500 "," $10,875.60 "," $389,500 "," $383,192 ","$ (6,307.78)"," $2,718.90 ", $375.60 ," $1,450.08 ",118,31%,,KEVIN,POUYAN,TEMP,TEMP,
44,3/7/2018,Wednesday,March,Q1,0,NO,,,,," $10,500 ",," $400,000 "," $383,192 ","$ (16,807.78)", 0 ," $(10,500.00)", $-   ,,#DIV/0!,,,,,,closed
45,3/8/2018,Thursday,March,Q1,3,NO,19,27,46,6," $10,500 "," $6,411.89 "," $410,500 "," $389,604 ","$ (20,895.89)"," $2,137.30 "," $(4,088.11)", $854.92 ,,#DIV/0!,,KEVIN,BRITTANY,TEMP,,day after snow storm
46,3/12/2018,Monday,March,Q1,4,YES,32,42,74,6," $10,500 "," $12,129.43 "," $421,000 "," $401,734 ","$ (19,266.46)"," $3,032.36 "," $1,629.43 "," $1,617.26 ",128,42%,,PINO,KEVIN,HEATHER,TEMP,extra pts- (snow)
47,3/13/2018,Tuesday,March,Q1,3,NO,33,50,83,6," $10,500 "," $12,092.59 "," $431,500 "," $413,826 ","$ (17,673.87)"," $4,030.86 "," $1,592.59 "," $1,612.35 ",92,10%,,KEVIN,POUYAN,TEMP,,extra pts- (snow)
48,3/14/2018,Wednesday,March,Q1,3,NO,36,53,89,4," $10,500 "," $11,756.92 "," $442,000 "," $425,583 ","$ (16,416.95)"," $3,918.97 "," $1,256.92 "," $1,567.59 ",131,32%,,KEVIN,POUYAN,TEMP,,extra pts- (snow); high cancelations night before
49,3/15/2018,Thursday,March,Q1,3,NO,29,45,74,4," $10,500 "," $9,628.33 "," $452,500 "," $435,211 ","$ (17,288.62)"," $3,209.44 ", $(871.67)," $1,283.78 ",124,40%,,KEVIN,OLIMBI,TEMP,,extra pts- (snow)
50,3/16/2018,Friday,March,Q1,2,NO,3,74,77,6," $8,000 "," $8,253.11 "," $460,500 "," $443,464 ","$ (17,035.51)"," $4,126.56 ", $253.11 ," $1,269.71 ",116,34%,,KEVIN,HEATHER,,,extra pts- (snow)
51,3/19/2018,Monday,March,Q1,4,YES,33,39,72,6," $10,500 "," $10,995.58 "," $471,000 "," $454,460 ","$ (16,539.93)"," $2,748.90 ", $495.58 ," $1,466.08 ",116,38%,,PINO,KEVIN,HEATHER,TEMP,
52,3/20/2018,Tuesday,March,Q1,3,NO,19,34,53,3," $10,500 "," $7,567.39 "," $481,500 "," $462,027 ","$ (19,472.54)"," $2,522.46 "," $(2,932.61)"," $1,008.99 ",105,50%,,KEVIN,ABBY,TEMP,,closed at 4:00 due to the weather
53,3/21/2018,Wednesday,March,Q1,0,NO,,,,," $10,500 ",," $492,000 "," $462,027 ","$ (29,972.54)", 0 ," $(10,500.00)", $-   ,,#DIV/0!,,,,,,closed
54,3/22/2018,Thursday,March,Q1,3,NO,25,20,45,6," $10,500 "," $7,560.21 "," $502,500 "," $469,588 ","$ (32,912.33)"," $2,520.07 "," $(2,939.79)"," $1,008.03 ",83,46%,,BRITTANY,OLIMBI,TEMP,,day after snow storm
55,3/26/2018,Monday,March,Q1,4,YES,32,39,71,4," $10,500 "," $12,268.91 "," $513,000 "," $481,857 ","$ (31,143.42)"," $3,067.23 "," $1,768.91 "," $1,635.85 ",119,40%,,PINO,KEVIN,HEATHER,TEMP,
56,3/27/2018,Tuesday,March,Q1,3,NO,43,37,80,9," $10,500 "," $12,530.00 "," $523,500 "," $494,387 ","$ (29,113.42)"," $4,176.67 "," $2,030.00 "," $1,670.67 ",128,38%,,KEVIN,POUYAN,TEMP,,
57,3/28/2018,Wednesday,March,Q1,3,NO,30,46,76,5," $10,500 "," $11,015.41 "," $534,000 "," $505,402 ","$ (28,598.01)"," $3,671.80 ", $515.41 ," $1,468.72 ",132,42%,,KEVIN,POUYAN,BRITTANY,,
58,3/29/2018,Thursday,March,Q1,3,NO,32,41,73,13," $10,500 "," $12,106.57 "," $544,500 "," $517,509 ","$ (26,991.44)"," $4,035.52 "," $1,606.57 "," $1,614.21 ",117,38%,,BRITTANY,OLIMBI,TEMP,,
59,4/2/2018,Monday,April,Q2,3,YES,30,33,63,6," $10,500 "," $11,342.33 "," $555,000 "," $528,851 ","$ (26,149.11)"," $3,780.78 ", $842.33 ," $1,512.31 ",123,49%,,PINO,HEATHER,OLIMBI,,
60,4/3/2018,Tuesday,April,Q2,4,NO,30,40,70,9," $10,500 "," $10,042.43 "," $565,500 "," $538,893 ","$ (26,606.68)"," $2,510.61 ", $(457.57)," $1,338.99 ",118,41%,,KEVIN,POUYAN,ABBY,TEMP,
61,4/4/2018,Wednesday,April,Q2,3,NO,27,50,77,7," $10,500 "," $10,812.36 "," $576,000 "," $549,706 ","$ (26,294.32)"," $3,604.12 ", $312.36 ," $1,441.65 ",118,35%,,KEVIN,POUYAN,BRITTANY,,
62,4/5/2018,Thursday,April,Q2,3,NO,27,37,64,16," $10,500 "," $9,746.20 "," $586,500 "," $559,452 ","$ (27,048.12)"," $3,248.73 ", $(753.80)," $1,299.49 ",106,40%,,KEVIN,BRITTANY,TEMP,,
63,4/6/2018,Friday,April,Q2,2,NO,1,53,54,18," $8,000 "," $7,188.87 "," $594,500 "," $566,641 ","$ (27,859.25)"," $3,594.44 ", $(811.13)," $1,105.98 ",114,53%,,KEVIN,SAMARA,,,
64,4/7/2018,Saturday,April,Q2,3,YES,33,35,68,5," $7,000 "," $9,826.55 "," $601,500 "," $576,467 ","$ (25,032.70)"," $3,275.52 "," $2,826.55 "," $1,310.21 ",107,36%,,PINO,HEATHER,TEMP,,
65,4/9/2018,Monday,April,Q2,3,YES,38,40,78,6," $10,500 "," $12,532.59 "," $612,000 "," $589,000 ","$ (23,000.11)"," $4,177.53 "," $2,032.59 "," $1,671.01 ",132,41%,,PINO,HEATHER,OLIMBI,,extra pts- (snow)
66,4/10/2018,Tuesday,April,Q2,3,NO,37,48,85,8," $10,500 "," $13,112.14 "," $622,500 "," $602,112 ","$ (20,387.97)"," $4,370.71 "," $2,612.14 "," $1,748.29 ",132,36%,,KEVIN,POUYAN,ABBY,,extra pts- (snow); PSSA
67,4/11/2018,Wednesday,April,Q2,3,NO,24,41,65,8," $10,500 "," $9,371.29 "," $633,000 "," $611,483 ","$ (21,516.68)"," $3,123.76 "," $(1,128.71)"," $1,249.51 ",126,48%,,KEVIN,POUYAN,BRITTANY,,"extra pts- (snow), pssa"
68,4/12/2018,Thursday,April,Q2,3,YES,34,50,84,15," $10,500 "," $14,063.45 "," $643,500 "," $625,547 ","$ (17,953.23)"," $4,687.82 "," $3,563.45 "," $1,875.13 ",117,28%,,PINO,BRITTANY,OLIMBI,,"extra pts- (snow), pssa"
69,4/16/2018,Monday,April,Q2,3,NO,37,31,68,3," $10,500 "," $9,668.74 "," $654,000 "," $635,216 ","$ (18,784.49)"," $3,222.91 ", $(831.26)," $1,289.17 ",127,46%,,HEATHER,OLIMBI,TEMP,,
70,4/17/2018,Tuesday,April,Q2,3,NO,27,33,60,3," $10,500 "," $8,609.85 "," $664,500 "," $643,825 ","$ (20,674.64)"," $2,869.95 "," $(1,890.15)"," $1,147.98 ",92,35%,,OLIMBI,ABBY,TEMP,,"pssa, meeting 1-3pm"
71,4/18/2018,Wednesday,April,Q2,3,NO,29,39,68,9," $10,500 "," $9,846.12 "," $675,000 "," $653,671 ","$ (21,328.52)"," $3,282.04 ", $(653.88)," $1,312.82 ",114,40%,,KEVIN,BRITTANY,TEMP,,pssa
72,4/19/2018,Thursday,April,Q2,3,NO,27,38,65,6," $10,500 "," $10,037.18 "," $685,500 "," $663,709 ","$ (21,791.34)"," $3,345.73 ", $(462.82)," $1,338.29 ",109,40%,,KEVIN,BRITTANY,TEMP,,
73,4/20/2018,Friday,April,Q2,2,NO,,67,67,12," $8,000 "," $7,884.24 "," $693,500 "," $671,593 ","$ (21,907.10)"," $3,942.12 ", $(115.76)," $1,212.96 ",109,39%,,KEVIN,SAMARA,,,pssa makeup
74,4/23/2018,Monday,April,Q2,3,YES,36,34,70,5," $10,500 "," $11,788.43 "," $704,000 "," $683,381 ","$ (20,618.67)"," $3,929.48 "," $1,288.43 "," $1,571.79 ",125,44%,,PINO,HEATHER,OLIMBI,,
75,4/24/2018,Tuesday,April,Q2,4,NO,26,42,68,9," $10,500 "," $10,963.86 "," $714,500 "," $694,345 ","$ (20,154.81)"," $2,740.97 ", $463.86 ," $1,461.85 ",118,42%,,KEVIN,POUYAN,ABBY,TEMP,pssa
76,4/25/2018,Wednesday,April,Q2,3,NO,29,45,74,4," $10,500 "," $10,880.72 "," $725,000 "," $705,226 ","$ (19,774.09)"," $3,626.91 ", $380.72 ," $1,450.76 ",127,42%,,KEVIN,POUYAN,BRITTANY,,pssa
77,4/26/2018,Thursday,April,Q2,3,NO,29,38,67,4," $10,500 "," $9,092.73 "," $735,500 "," $714,319 ","$ (21,181.36)"," $3,030.91 "," $(1,407.27)"," $1,212.36 ",123,46%,,KEVIN,BRITTANY,OLIMBI,,
78,4/30/2018,Monday,April,Q2,3,YES,34,40,74,8," $10,500 "," $12,082.46 "," $746,000 "," $726,401 ","$ (19,598.90)"," $4,027.49 "," $1,582.46 "," $1,610.99 ",118,37%,,PINO,HEATHER,OLIMBI,,
79,5/1/2018,Tuesday,May,Q2,3,NO,30,43,73,11," $10,500 "," $10,036.94 "," $756,500 "," $736,438 ","$ (20,061.96)"," $3,345.65 ", $(463.06)," $1,338.26 ",117,38%,,KEVIN,POUYAN,ABBY,,
80,5/2/2018,Wednesday,May,Q2,3,NO,35,43,78,3," $10,500 "," $11,026.37 "," $767,000 "," $747,464 ","$ (19,535.59)"," $3,675.46 ", $526.37 ," $1,470.18 ",128,39%,,KEVIN,POUYAN,BRITTANY,,
81,5/3/2018,Thursday,May,Q2,3,NO,28,41,69,5," $10,500 "," $9,417.36 "," $777,500 "," $756,882 ","$ (20,618.23)"," $3,139.12 "," $(1,082.64)"," $1,255.65 ",121,43%,,KEVIN,BRITTANY,OLIMBI,,
82,5/4/2018,Friday,May,Q2,2,NO,1,60,61,11," $8,000 "," $7,227.61 "," $785,500 "," $764,109 ","$ (21,390.62)"," $3,613.81 ", $(772.39)," $1,111.94 ",108,44%,,KEVIN,SAMARA,,,
83,5/7/2018,Monday,May,Q2,3,NO,42,41,83,7," $10,500 "," $12,614.02 "," $796,000 "," $776,723 ","$ (19,276.60)"," $4,204.67 "," $2,114.02 "," $1,681.87 ",113,27%,,KEVIN,HEATHER,OLIMBI,,
84,5/8/2018,Tuesday,May,Q2,3,NO,32,29,61,6," $10,500 "," $9,600.66 "," $806,500 "," $786,324 ","$ (20,175.94)"," $3,200.22 ", $(899.34)," $1,280.09 ",119,49%,,KEVIN,POUYAN,ABBY,,
85,5/9/2018,Wednesday,May,Q2,3,NO,32,33,65,7," $10,500 "," $9,832.09 "," $817,000 "," $796,156 ","$ (20,843.85)"," $3,277.36 ", $(667.91)," $1,310.95 ",119,45%,,KEVIN,POUYAN,BRITTANY,,
86,5/10/2018,Thursday,May,Q2,3,NO,25,36,61,8," $10,500 "," $9,660.57 "," $827,500 "," $805,817 ","$ (21,683.28)"," $3,220.19 ", $(839.43)," $1,288.08 ",125,51%,,KEVIN,BRITTANY,OLIMBI,,
87,5/14/2018,Monday,May,Q2,3,YES,30,37,67,2," $10,500 "," $10,649.69 "," $838,000 "," $816,466 ","$ (21,533.59)"," $3,549.90 ", $149.69 ," $1,419.96 ",124,46%,,PINO,HEATHER,OLIMBI,,
88,5/15/2018,Tuesday,May,Q2,2,NO,32,46,78,10," $10,500 "," $11,276.56 "," $848,500 "," $827,743 ","$ (20,757.03)"," $5,638.28 ", $776.56 ," $1,503.54 ",120,35%,,POUYAN,ABBY,,,
89,5/16/2018,Wednesday,May,Q2,3,NO,32,35,67,7," $10,500 "," $10,819.32 "," $859,000 "," $838,562 ","$ (20,437.71)"," $3,606.44 ", $319.32 ," $1,442.58 ",127,47%,,KEVIN,POUYAN,BRITTANY,,
90,5/17/2018,Thursday,May,Q2,3,NO,34,50,84,3," $10,500 "," $11,998.77 "," $869,500 "," $850,561 ","$ (18,938.94)"," $3,999.59 "," $1,498.77 "," $1,599.84 ",125,33%,,KEVIN,BRITTANY,OLIMBI,,
91,5/18/2018,Friday,May,Q2,2,NO,1,64,65,5," $8,000 "," $7,579.44 "," $877,500 "," $858,141 ","$ (19,359.50)"," $3,789.72 ", $(420.56)," $1,166.07 ",114,43%,,KEVIN,SAMARA,,,
92,5/21/2018,Monday,May,Q2,4,YES,27,39,66,2," $10,500 "," $8,839.32 "," $888,000 "," $866,980 ","$ (21,020.18)"," $2,209.83 "," $(1,660.68)"," $1,178.58 ",108,39%,,PINO,HEATHER,OLIMBI,TEMP,dentist meeting pts 10:30-5
93,5/22/2018,Tuesday,May,Q2,4,NO,36,48,84,4," $10,500 "," $11,723.49 "," $898,500 "," $878,703 ","$ (19,796.69)"," $2,930.87 "," $1,223.49 "," $1,563.13 ",123,32%,,KEVIN,POUYAN,ABBY,TEMP,
94,5/23/2018,Wednesday,May,Q2,4,NO,39,36,75,5," $10,500 "," $9,600.03 "," $909,000 "," $888,303 ","$ (20,696.66)"," $2,400.01 ", $(899.97)," $1,280.00 ",128,41%,,KEVIN,POUYAN,BRITTANY,TEMP,
95,5/24/2018,Thursday,May,Q2,3,NO,32,48,80,4," $10,500 "," $10,077.90 "," $919,500 "," $898,381 ","$ (21,118.76)"," $3,359.30 ", $(422.10)," $1,343.72 ",130,38%,,KEVIN,BRITTANY,OLIMBI,,
96,5/29/2018,Tuesday,May,Q2,2,NO,26,42,68,2," $10,500 "," $9,986.91 "," $930,000 "," $908,368 ","$ (21,631.85)"," $4,993.46 ", $(513.09)," $1,331.59 ",117,42%,,POUYAN,ABBY,,,2 dentist only; 1 call out
97,5/30/2018,Wednesday,May,Q2,3,NO,36,47,83,12," $10,500 "," $11,490.35 "," $940,500 "," $919,859 ","$ (20,641.50)"," $3,830.12 ", $990.35 ," $1,532.05 ",128,35%,,KEVIN,POUYAN,BRITTANY,,
98,5/31/2018,Thursday,May,Q2,3,NO,30,38,68,5," $10,500 "," $9,253.83 "," $951,000 "," $929,112 ","$ (21,887.67)"," $3,084.61 "," $(1,246.17)"," $1,233.84 ",125,46%,,KEVIN,BRITTANY,OLIMBI,,
99,6/1/2018,Friday,June,Q2,2,NO,1,56,57,14," $8,500 "," $8,153.42 "," $959,500 "," $937,266 ","$ (22,234.25)"," $4,076.71 ", $(346.58)," $1,254.37 ",107,47%,,KEVIN,SAMARA,,,
100,6/4/2018,Monday,June,Q2,3,YES,38,35,73,6," $10,500 "," $11,246.91 "," $970,000 "," $948,513 ","$ (21,487.34)"," $3,748.97 ", $746.91 ," $1,499.59 ",127,43%,,PINO,HEATHER,OLIMBI,,
101,6/5/2018,Tuesday,June,Q2,3,NO,30,45,75,0," $10,500 "," $10,257.11 "," $980,500 "," $958,770 ","$ (21,730.23)"," $3,419.04 ", $(242.89)," $1,367.61 ",116,35%,,KEVIN,POUYAN,ABBY,,
102,6/6/2018,Wednesday,June,Q2,3,NO,29,37,66,7," $10,500 "," $9,755.47 "," $991,000 "," $968,525 ","$ (22,474.76)"," $3,251.82 ", $(744.53)," $1,300.73 ",125,47%,,KEVIN,POUYAN,BRITTANY,,
103,6/7/2018,Thursday,June,Q2,3,NO,25,37,62,9," $10,500 "," $9,852.23 "," $1,001,500 "," $978,377 ","$ (23,122.53)"," $3,284.08 ", $(647.77)," $1,313.63 ",129,52%,,KEVIN,BRITTANY,OLIMBI,,
104,6/11/2018,Monday,June,Q2,3,YES,31,41,72,10," $10,500 "," $11,528.83 "," $1,012,000 "," $989,906 ","$ (22,093.70)"," $3,842.94 "," $1,028.83 "," $1,537.18 ",130,45%,,PINO,HEATHER,OLIMBI,,lunch and learn training lighter schedule in am
105,6/12/2018,Tuesday,June,Q2,3,NO,32,44,76,5," $10,500 "," $12,263.97 "," $1,022,500 "," $1,002,170 ","$ (20,329.73)"," $4,087.99 "," $1,763.97 "," $1,635.20 ",127,40%,,KEVIN,POUYAN,ABBY,,
106,6/13/2018,Wednesday,June,Q2,3,NO,41,30,71,8," $10,500 "," $11,560.56 "," $1,033,000 "," $1,013,731 ","$ (19,269.17)"," $3,853.52 "," $1,060.56 "," $1,541.41 ",132,46%,,KEVIN,POUYAN,BRITTANY,,
107,6/14/2018,Thursday,June,Q2,4,NO,36,39,75,5," $10,500 "," $10,681.20 "," $1,043,500 "," $1,024,412 ","$ (19,087.97)"," $2,670.30 ", $181.20 ," $1,424.16 ",120,38%,,KEVIN,BRITTANY,OLIMBI,TEMP,
108,6/15/2018,Friday,June,Q2,2,NO,1,58,59,12," $8,500 "," $7,068.81 "," $1,052,000 "," $1,031,481 ","$ (20,519.16)"," $3,534.41 "," $(1,431.19)"," $1,087.51 ",112,47%,,KEVIN,SAMARA,,,
109,6/18/2018,Monday,June,Q2,3,YES,38,40,78,8," $12,000 "," $12,388.53 "," $1,064,000 "," $1,043,869 ","$ (20,130.63)"," $4,129.51 ", $388.53 ," $1,651.80 ",132,41%,,PINO,HEATHER,OLIMBI,,
110,6/19/2018,Tuesday,June,Q2,3,NO,37,44,81,4," $12,000 "," $10,897.57 "," $1,076,000 "," $1,054,767 ","$ (21,233.06)"," $3,632.52 "," $(1,102.43)"," $1,453.01 ",127,36%,,KEVIN,POUYAN,ABBY,,
111,6/20/2018,Wednesday,June,Q2,3,NO,43,43,86,5," $12,000 "," $13,032.34 "," $1,088,000 "," $1,067,799 ","$ (20,200.72)"," $4,344.11 "," $1,032.34 "," $1,737.65 ",129,33%,,KEVIN,POUYAN,BRITTANY,,
112,6/21/2018,Thursday,June,Q2,3,NO,37,40,77,7," $12,000 "," $9,851.49 "," $1,100,000 "," $1,077,651 ","$ (22,349.23)"," $3,283.83 "," $(2,148.51)"," $1,313.53 ",130,41%,,KEVIN,BRITTANY,OLIMBI,,
113,6/25/2018,Monday,June,Q2,4,YES,32,39,71,8," $12,000 "," $11,844.49 "," $1,112,000 "," $1,089,495 ","$ (22,504.74)"," $2,961.12 ", $(155.51)," $1,579.27 ",132,46%,,PINO,HEATHER,OLIMBI,TEMP,
114,6/26/2018,Tuesday,June,Q2,3,NO,35,44,79,6," $12,000 "," $11,432.80 "," $1,124,000 "," $1,100,928 ","$ (23,071.94)"," $3,810.93 ", $(567.20)," $1,524.37 ",133,41%,,KEVIN,POUYAN,ABBY,,
115,6/27/2018,Wednesday,June,Q2,3,NO,32,35,67,1," $12,000 "," $9,677.80 "," $1,136,000 "," $1,110,606 ","$ (25,394.14)"," $3,225.93 "," $(2,322.20)"," $1,290.37 ",131,49%,,KEVIN,POUYAN,BRITTANY,,
116,6/28/2018,Thursday,June,Q2,3,NO,23,38,61,7," $12,000 "," $10,605.90 "," $1,148,000 "," $1,121,212 ","$ (26,788.24)"," $3,535.30 "," $(1,394.10)"," $1,414.12 ",122,50%,,KEVIN,OLIMBI,TEMP,,
117,6/29/2018,Friday,June,Q2,2,NO,2,51,53,9," $8,500 "," $6,698.71 "," $1,156,500 "," $1,127,910 ","$ (28,589.53)"," $3,349.36 "," $(1,801.29)"," $1,030.57 ",106,50%,,KEVIN,SAMARA,,,
118,7/2/2018,Monday,July,Q3,3,YES,34,34,68,9," $11,000 "," $12,153.15 "," $1,167,500 "," $1,140,064 ","$ (27,436.38)"," $4,051.05 "," $1,153.15 "," $1,620.42 ",128,47%,,PINO,HEATHER,OLIMBI,,
119,7/3/2018,Tuesday,July,Q3,3,YES,28,49,77,4," $11,000 "," $13,166.38 "," $1,178,500 "," $1,153,230 ","$ (25,270.00)"," $4,388.79 "," $2,166.38 "," $1,755.52 ",114,32%,,PINO,KEVIN,POUYAN,,
120,7/5/2018,Thursday,July,Q3,3,NO,41,42,83,8," $11,000 "," $11,897.37 "," $1,189,500 "," $1,165,127 ","$ (24,372.63)"," $3,965.79 ", $897.37 ," $1,586.32 ",131,37%,,KEVIN,BRITTANY,OLIMBI,,
121,7/6/2018,Friday,July,Q3,2,NO,2,64,66,8," $8,500 "," $7,525.71 "," $1,198,000 "," $1,172,653 ","$ (25,346.92)"," $3,762.86 ", $(974.29)," $1,157.80 ",110,40%,,KEVIN,HEATHER,,,
122,7/9/2018,Monday,July,Q3,3,YES,32,32,64,10," $11,000 "," $11,080.61 "," $1,209,000 "," $1,183,734 ","$ (25,266.31)"," $3,693.54 ", $80.61 ," $1,477.41 ",131,51%,,PINO,HEATHER,OLIMBI,,
123,7/10/2018,Tuesday,July,Q3,2,NO,27,37,64,4," $11,000 "," $8,660.99 "," $1,220,000 "," $1,192,395 ","$ (27,605.32)"," $4,330.50 "," $(2,339.01)"," $1,154.80 ",114,44%,,KEVIN,ABBY,,,hr meeting cut down on patients befor & after lunc/plumbing issuesh
124,7/11/2018,Wednesday,July,Q3,4,YES,28,35,63,18," $11,000 "," $11,948.84 "," $1,231,000 "," $1,204,344 ","$ (26,656.48)"," $2,987.21 ", $948.84 ," $1,593.18 ",122,48%,,PINO,KEVIN,POUYAN,TEMP,
125,7/12/2018,Thursday,July,Q3,4,YES,33,23,56,12," $11,000 "," $9,764.34 "," $1,242,000 "," $1,214,108 ","$ (27,892.14)"," $2,441.09 "," $(1,235.66)"," $1,301.91 ",117,52%,,PINO,BRITTANY,OLIMBI,TEMP,afternoon plumbing issues
126,7/16/2018,Monday,July,Q3,3,YES,30,39,69,10," $11,000 "," $11,224.67 "," $1,253,000 "," $1,225,333 ","$ (27,667.47)"," $3,741.56 ", $224.67 ," $1,496.62 ",126,45%,,PINO,HEATHER,OLIMBI,,
127,7/17/2018,Tuesday,July,Q3,3,NO,34,39,73,5," $11,000 "," $10,590.27 "," $1,264,000 "," $1,235,923 ","$ (28,077.20)"," $3,530.09 ", $(409.73)," $1,412.04 ",126,42%,,KEVIN,POUYAN,ABBY,,
128,7/18/2018,Wednesday,July,Q3,3,NO,29,30,59,11," $11,000 "," $9,614.40 "," $1,275,000 "," $1,245,537 ","$ (29,462.80)"," $3,204.80 "," $(1,385.60)"," $1,281.92 ",121,51%,,KEVIN,BRITTANY,ABBY,,
129,7/19/2018,Thursday,July,Q3,3,NO,40,41,81,3," $11,000 "," $10,977.29 "," $1,286,000 "," $1,256,514 ","$ (29,485.51)"," $3,659.10 ", $(22.71)," $1,463.64 ",126,36%,,KEVIN,BRITTANY,OLIMBI,,
130,7/20/2018,Friday,July,Q3,2,NO,3,66,69,13," $8,500 "," $8,346.03 "," $1,294,500 "," $1,264,861 ","$ (29,639.48)"," $4,173.02 ", $(153.97)," $1,284.00 ",100,31%,,KEVIN,SAMARA,,,
131,7/23/2018,Monday,July,Q3,4,NO,37,39,76,3," $11,000 "," $11,894.97 "," $1,305,500 "," $1,276,755 ","$ (28,744.51)"," $2,973.74 ", $894.97 ," $1,586.00 ",131,42%,,KEVIN,OLIMBI,TEMP,TEMP,
132,7/24/2018,Tuesday,July,Q3,3,NO,29,54,83,8," $11,000 "," $10,675.09 "," $1,316,500 "," $1,287,431 ","$ (29,069.42)"," $3,558.36 ", $(324.91)," $1,423.35 ",126,34%,,POUYAN,OLIMBI,TEMP,,
133,7/25/2018,Wednesday,July,Q3,3,NO,34,42,76,10," $11,000 "," $11,485.04 "," $1,327,500 "," $1,298,916 ","$ (28,584.38)"," $3,828.35 ", $485.04 ," $1,531.34 ",133,43%,,KEVIN,BRITTANY,OLIMBI,,
134,7/26/2018,Thursday,July,Q3,3,YES,40,51,91,3," $11,000 "," $14,736.35 "," $1,338,500 "," $1,313,652 ","$ (24,848.03)"," $4,912.12 "," $3,736.35 "," $1,964.85 ",132,31%,,PINO,BRITTANY,OLIMBI,,
135,7/30/2018,Monday,July,Q3,3,YES,29,43,72,9," $11,000 "," $12,851.13 "," $1,349,500 "," $1,326,503 ","$ (22,996.90)"," $4,283.71 "," $1,851.13 "," $1,713.48 ",127,43%,,PINO,OLIMBI,TEMP,,
136,7/31/2018,Tuesday,July,Q3,4,YES,35,40,75,2," $11,000 "," $10,861.31 "," $1,360,500 "," $1,337,364 ","$ (23,135.59)"," $2,715.33 ", $(138.69)," $1,448.17 ",125,40%,,PINO,KEVIN,POUYAN,ABBY,
137,8/1/2018,Wednesday,August,Q3,3,NO,31,40,71,6," $11,000 "," $11,395.13 "," $1,371,500 "," $1,348,760 ","$ (22,740.46)"," $3,798.38 ", $395.13 ," $1,519.35 ",134,47%,,KEVIN,HEATHER,BRITTANY,,
138,8/2/2018,Thursday,August,Q3,3,NO,27,29,56,10," $11,000 "," $9,809.91 "," $1,382,500 "," $1,358,569 ","$ (23,930.55)"," $3,269.97 "," $(1,190.09)"," $1,307.99 ",132,58%,,KEVIN,BRITTANY,OLIMBI,,
139,8/3/2018,Friday,August,Q3,2,NO,2,48,50,8," $8,500 "," $5,565.93 "," $1,391,000 "," $1,364,135 ","$ (26,864.62)"," $2,782.97 "," $(2,934.07)", $856.30 ,108,54%,,KEVIN,SAMARA,,,
140,8/6/2018,Monday,August,Q3,3,NO,34,41,75,10," $11,000 "," $11,841.89 "," $1,402,000 "," $1,375,977 ","$ (26,022.73)"," $3,947.30 ", $841.89 ," $1,578.92 ",134,44%,,HEATHER,OLIMBI,TEMP,,
141,8/7/2018,Tuesday,August,Q3,2,NO,37,54,91,7," $11,000 "," $13,929.76 "," $1,413,000 "," $1,389,907 ","$ (23,092.97)"," $6,964.88 "," $2,929.76 "," $1,857.30 ",133,32%,,KEVIN,ABBY,,,
142,8/8/2018,Wednesday,August,Q3,2,NO,39,42,81,9," $11,000 "," $12,882.03 "," $1,424,000 "," $1,402,789 ","$ (21,210.94)"," $6,441.02 "," $1,882.03 "," $1,717.60 ",136,40%,,HEATHER,BRITTANY,,,
143,8/9/2018,Thursday,August,Q3,2,NO,37,43,80,13," $11,000 "," $12,137.64 "," $1,435,000 "," $1,414,927 ","$ (20,073.30)"," $6,068.82 "," $1,137.64 "," $1,618.35 ",135,41%,,KEVIN,OLIMBI,,,
144,8/13/2018,Monday,August,Q3,2,NO,36,38,74,3," $11,000 "," $10,945.66 "," $1,446,000 "," $1,425,872 ","$ (20,127.64)"," $5,472.83 ", $(54.34)," $1,459.42 ",135,45%,,OLIMBI,TEMP,,,
145,8/14/2018,Tuesday,August,Q3,2,NO,36,45,81,8," $11,000 "," $12,433.24 "," $1,457,000 "," $1,438,306 ","$ (18,694.40)"," $6,216.62 "," $1,433.24 "," $1,657.77 ",136,40%,,POUYAN,HEATHER,,,
146,8/15/2018,Wednesday,August,Q3,3,NO,40,39,79,6," $11,000 "," $11,813.93 "," $1,468,000 "," $1,450,120 ","$ (17,880.47)"," $3,937.98 ", $813.93 ," $1,575.19 ",141,44%,,HEATHER,BRITTANY,OLIMBI,,
147,8/16/2018,Thursday,August,Q3,4,YES,35,46,81,7," $11,000 "," $13,412.49 "," $1,479,000 "," $1,463,532 ","$ (15,467.98)"," $3,353.12 "," $2,412.49 "," $1,788.33 ",141,43%,,PINO,BRITTANY,OLIMBI,TEMP,
148,8/17/2018,Friday,August,Q3,1,NO,,,,," $8,500 "," $8,751.58 "," $1,487,500 "," $1,472,284 ","$ (15,216.40)"," $8,751.58 ", $251.58 ," $1,346.40 ",,#DIV/0!,,OLIMBI,,,,
149,8/18/2018,Saturday,August,Q3,3,NO,33,35,68,3," $7,000 "," $11,274.01 "," $1,494,500 "," $1,483,558 ","$ (10,942.39)"," $3,758.00 "," $4,274.01 "," $1,503.20 ",106,36%,,HEATHER,ABBY,TEMP,,
150,8/20/2018,Monday,August,Q3,3,YES,,,,," $11,000 "," $13,075.23 "," $1,505,500 "," $1,496,633 ","$ (8,867.16)"," $4,358.41 "," $2,075.23 "," $1,743.36 ",,#DIV/0!,,PINO,HEATHER,OLIMBI,,
151,8/21/2018,Tuesday,August,Q3,3,NO,,,,," $11,000 "," $12,900.69 "," $1,516,500 "," $1,509,534 ","$ (6,966.47)"," $4,300.23 "," $1,900.69 "," $1,720.09 ",,#DIV/0!,,KEVIN,POUYAN,ABBY,,
152,8/22/2018,Wednesday,August,Q3,3,NO,,,,," $11,000 "," $13,551.86 "," $1,527,500 "," $1,523,085 ","$ (4,414.61)"," $4,517.29 "," $2,551.86 "," $1,806.91 ",,#DIV/0!,,KEVIN,BRITTANY,HEATHER,,
153,8/23/2018,Thursday,August,Q3,3,NO,,,,," $11,000 "," $12,476.40 "," $1,538,500 "," $1,535,562 ","$ (2,938.21)"," $4,158.80 "," $1,476.40 "," $1,663.52 ",,#DIV/0!,,KEVIN,OLIMBI,BRITTANY,,
154,8/27/2018,Monday,August,Q3,0,NO,,,,," $11,000 ",," $1,549,500 "," $1,535,562 ","$ (13,938.21)", 0 ," $(11,000.00)", $-   ,,#DIV/0!,,,,,,
155,8/28/2018,Tuesday,August,Q3,0,NO,,,,," $11,000 ",," $1,560,500 "," $1,535,562 ","$ (24,938.21)", 0 ," $(11,000.00)", $-   ,,#DIV/0!,,,,,,
156,8/29/2018,Wednesday,August,Q3,0,NO,,,,," $11,000 ",," $1,571,500 "," $1,535,562 ","$ (35,938.21)", 0 ," $(11,000.00)", $-   ,,#DIV/0!,,,,,,
157,8/30/2018,Thursday,August,Q3,0,NO,,,,," $11,000 ",," $1,582,500 "," $1,535,562 ","$ (46,938.21)", 0 ," $(11,000.00)", $-   ,,#DIV/0!,,,,,,
158,9/5/2018,Wednesday,September,Q3,0,NO,,,,," $11,000 ",," $1,593,500 "," $1,535,562 ","$ (57,938.21)", 0 ," $(11,000.00)", $-   ,,#DIV/0!,,,,,,
159,9/6/2018,Thursday,September,Q3,0,NO,,,,," $11,000 ",," $1,604,500 "," $1,535,562 ","$ (68,938.21)", 0 ," $(11,000.00)", $-   ,,#DIV/0!,,,,,,
160,9/7/2018,Friday,September,Q3,0,NO,,,,," $8,500 ",," $1,613,000 "," $1,535,562 ","$ (77,438.21)", 0 ," $(8,500.00)", $-   ,,#DIV/0!,,,,,,
161,9/8/2018,Saturday,September,Q3,0,NO,,,,," $8,500 ",," $1,621,500 "," $1,535,562 ","$ (85,938.21)", 0 ," $(8,500.00)", $-   ,,#DIV/0!,,,,,,
162,9/10/2018,Monday,September,Q3,0,NO,,,,," $11,000 ",," $1,632,500 "," $1,535,562 ","$ (96,938.21)", 0 ," $(11,000.00)", $-   ,,#DIV/0!,,,,,,
163,9/11/2018,Tuesday,September,Q3,0,NO,,,,," $11,000 ",," $1,643,500 "," $1,535,562 ","$ (107,938.21)", 0 ," $(11,000.00)", $-   ,,#DIV/0!,,,,,,
164,9/12/2018,Wednesday,September,Q3,0,NO,,,,," $11,000 ",," $1,654,500 "," $1,535,562 ","$ (118,938.21)", 0 ," $(11,000.00)", $-   ,,#DIV/0!,,,,,,
165,9/13/2018,Thursday,September,Q3,0,NO,,,,," $11,000 ",," $1,665,500 "," $1,535,562 ","$ (129,938.21)", 0 ," $(11,000.00)", $-   ,,#DIV/0!,,,,,,
166,9/17/2018,Monday,September,Q3,0,NO,,,,," $11,000 ",," $1,676,500 "," $1,535,562 ","$ (140,938.21)", 0 ," $(11,000.00)", $-   ,,#DIV/0!,,,,,,
167,9/18/2018,Tuesday,September,Q3,0,NO,,,,," $11,000 ",," $1,687,500 "," $1,535,562 ","$ (151,938.21)", 0 ," $(11,000.00)", $-   ,,#DIV/0!,,,,,,
168,9/19/2018,Wednesday,September,Q3,0,NO,,,,," $11,000 ",," $1,698,500 "," $1,535,562 ","$ (162,938.21)", 0 ," $(11,000.00)", $-   ,,#DIV/0!,,,,,,
169,9/20/2018,Thursday,September,Q3,0,NO,,,,," $11,000 ",," $1,709,500 "," $1,535,562 ","$ (173,938.21)", 0 ," $(11,000.00)", $-   ,,#DIV/0!,,,,,,
170,9/21/2018,Friday,September,Q3,0,NO,,,,," $8,500 ",," $1,718,000 "," $1,535,562 ","$ (182,438.21)", 0 ," $(8,500.00)", $-   ,,#DIV/0!,,,,,,
171,9/24/2018,Monday,September,Q3,0,NO,,,,," $11,000 ",," $1,729,000 "," $1,535,562 ","$ (193,438.21)", 0 ," $(11,000.00)", $-   ,,#DIV/0!,,,,,,
172,9/25/2018,Tuesday,September,Q3,0,NO,,,,," $11,000 ",," $1,740,000 "," $1,535,562 ","$ (204,438.21)", 0 ," $(11,000.00)", $-   ,,#DIV/0!,,,,,,
173,9/26/2018,Wednesday,September,Q3,0,NO,,,,," $11,000 ",," $1,751,000 "," $1,535,562 ","$ (215,438.21)", 0 ," $(11,000.00)", $-   ,,#DIV/0!,,,,,,
174,9/27/2018,Thursday,September,Q3,0,NO,,,,," $11,000 ",," $1,762,000 "," $1,535,562 ","$ (226,438.21)", 0 ," $(11,000.00)", $-   ,,#DIV/0!,,,,,,
175,10/1/2018,Monday,October,Q4,0,NO,,,,," $11,000 ",," $1,773,000 "," $1,535,562 ","$ (237,438.21)", 0 ," $(11,000.00)", $-   ,,#DIV/0!,,,,,,
176,10/2/2018,Tuesday,October,Q4,0,NO,,,,," $11,000 ",," $1,784,000 "," $1,535,562 ","$ (248,438.21)", 0 ," $(11,000.00)", $-   ,,#DIV/0!,,,,,,
177,10/3/2018,Wednesday,October,Q4,0,NO,,,,," $11,000 ",," $1,795,000 "," $1,535,562 ","$ (259,438.21)", 0 ," $(11,000.00)", $-   ,,#DIV/0!,,,,,,
178,10/4/2018,Thursday,October,Q4,0,NO,,,,," $11,000 ",," $1,806,000 "," $1,535,562 ","$ (270,438.21)", 0 ," $(11,000.00)", $-   ,,#DIV/0!,,,,,,
179,10/5/2018,Friday,October,Q4,0,NO,,,,," $8,000 ",," $1,814,000 "," $1,535,562 ","$ (278,438.21)", 0 ," $(8,000.00)", $-   ,,#DIV/0!,,,,,,
180,10/8/2018,Monday,October,Q4,0,NO,,,,," $10,500 ",," $1,824,500 "," $1,535,562 ","$ (288,938.21)", 0 ," $(10,500.00)", $-   ,,#DIV/0!,,,,,,
181,10/9/2018,Tuesday,October,Q4,0,NO,,,,," $10,500 ",," $1,835,000 "," $1,535,562 ","$ (299,438.21)", 0 ," $(10,500.00)", $-   ,,#DIV/0!,,,,,,
182,10/10/2018,Wednesday,October,Q4,0,NO,,,,," $10,500 ",," $1,845,500 "," $1,535,562 ","$ (309,938.21)", 0 ," $(10,500.00)", $-   ,,#DIV/0!,,,,,,
183,10/11/2018,Thursday,October,Q4,0,NO,,,,," $10,500 ",," $1,856,000 "," $1,535,562 ","$ (320,438.21)", 0 ," $(10,500.00)", $-   ,,#DIV/0!,,,,,,
184,10/15/2018,Monday,October,Q4,0,NO,,,,," $10,500 ",," $1,866,500 "," $1,535,562 ","$ (330,938.21)", 0 ," $(10,500.00)", $-   ,,#DIV/0!,,,,,,
185,10/16/2018,Tuesday,October,Q4,0,NO,,,,," $10,500 ",," $1,877,000 "," $1,535,562 ","$ (341,438.21)", 0 ," $(10,500.00)", $-   ,,#DIV/0!,,,,,,
186,10/17/2018,Wednesday,October,Q4,0,NO,,,,," $10,500 ",," $1,887,500 "," $1,535,562 ","$ (351,938.21)", 0 ," $(10,500.00)", $-   ,,#DIV/0!,,,,,,
187,10/18/2018,Thursday,October,Q4,0,NO,,,,," $10,500 ",," $1,898,000 "," $1,535,562 ","$ (362,438.21)", 0 ," $(10,500.00)", $-   ,,#DIV/0!,,,,,,
188,10/19/2018,Friday,October,Q4,0,NO,,,,," $8,000 ",," $1,906,000 "," $1,535,562 ","$ (370,438.21)", 0 ," $(8,000.00)", $-   ,,#DIV/0!,,,,,,
189,10/22/2018,Monday,October,Q4,0,NO,,,,," $10,500 ",," $1,916,500 "," $1,535,562 ","$ (380,938.21)", 0 ," $(10,500.00)", $-   ,,#DIV/0!,,,,,,
190,10/23/2018,Tuesday,October,Q4,0,NO,,,,," $10,500 ",," $1,927,000 "," $1,535,562 ","$ (391,438.21)", 0 ," $(10,500.00)", $-   ,,#DIV/0!,,,,,,
191,10/24/2018,Wednesday,October,Q4,0,NO,,,,," $10,500 ",," $1,937,500 "," $1,535,562 ","$ (401,938.21)", 0 ," $(10,500.00)", $-   ,,#DIV/0!,,,,,,
192,10/25/2018,Thursday,October,Q4,0,NO,,,,," $10,500 ",," $1,948,000 "," $1,535,562 ","$ (412,438.21)", 0 ," $(10,500.00)", $-   ,,#DIV/0!,,,,,,
193,10/29/2018,Monday,October,Q4,0,NO,,,,," $10,500 ",," $1,958,500 "," $1,535,562 ","$ (422,938.21)", 0 ," $(10,500.00)", $-   ,,#DIV/0!,,,,,,
194,10/30/2018,Tuesday,October,Q4,0,NO,,,,," $10,500 ",," $1,969,000 "," $1,535,562 ","$ (433,438.21)", 0 ," $(10,500.00)", $-   ,,#DIV/0!,,,,,,
195,10/31/2018,Wednesday,October,Q4,0,NO,,,,," $10,500 ",," $1,979,500 "," $1,535,562 ","$ (443,938.21)", 0 ," $(10,500.00)", $-   ,,#DIV/0!,,,,,,
196,11/1/2018,Thursday,November,Q4,0,NO,,,,," $10,500 ",," $1,990,000 "," $1,535,562 ","$ (454,438.21)", 0 ," $(10,500.00)", $-   ,,#DIV/0!,,,,,,
197,11/2/2018,Friday,November,Q4,0,NO,,,,," $8,000 ",," $1,998,000 "," $1,535,562 ","$ (462,438.21)", 0 ," $(8,000.00)", $-   ,,#DIV/0!,,,,,,
198,11/5/2018,Monday,November,Q4,0,NO,,,,," $10,500 ",," $2,008,500 "," $1,535,562 ","$ (472,938.21)", 0 ," $(10,500.00)", $-   ,,#DIV/0!,,,,,,
199,11/6/2018,Tuesday,November,Q4,0,NO,,,,," $10,500 ",," $2,019,000 "," $1,535,562 ","$ (483,438.21)", 0 ," $(10,500.00)", $-   ,,#DIV/0!,,,,,,
200,11/7/2018,Wednesday,November,Q4,0,NO,,,,," $10,500 ",," $2,029,500 "," $1,535,562 ","$ (493,938.21)", 0 ," $(10,500.00)", $-   ,,#DIV/0!,,,,,,
201,11/8/2018,Thursday,November,Q4,0,NO,,,,," $10,500 ",," $2,040,000 "," $1,535,562 ","$ (504,438.21)", 0 ," $(10,500.00)", $-   ,,#DIV/0!,,,,,,
202,11/12/2018,Monday,November,Q4,0,NO,,,,," $10,500 ",," $2,050,500 "," $1,535,562 ","$ (514,938.21)", 0 ," $(10,500.00)", $-   ,,#DIV/0!,,,,,,
203,11/13/2018,Tuesday,November,Q4,0,NO,,,,," $10,500 ",," $2,061,000 "," $1,535,562 ","$ (525,438.21)", 0 ," $(10,500.00)", $-   ,,#DIV/0!,,,,,,
204,11/14/2018,Wednesday,November,Q4,0,NO,,,,," $10,500 ",," $2,071,500 "," $1,535,562 ","$ (535,938.21)", 0 ," $(10,500.00)", $-   ,,#DIV/0!,,,,,,
205,11/15/2018,Thursday,November,Q4,0,NO,,,,," $10,500 ",," $2,082,000 "," $1,535,562 ","$ (546,438.21)", 0 ," $(10,500.00)", $-   ,,#DIV/0!,,,,,,
206,11/16/2018,Friday,November,Q4,0,NO,,,,," $8,000 ",," $2,090,000 "," $1,535,562 ","$ (554,438.21)", 0 ," $(8,000.00)", $-   ,,#DIV/0!,,,,,,
207,11/17/2018,Saturday,November,Q4,0,NO,,,,," $8,000 ",," $2,098,000 "," $1,535,562 ","$ (562,438.21)", 0 ," $(8,000.00)", $-   ,,#DIV/0!,,,,,,
208,11/19/2018,Monday,November,Q4,0,NO,,,,," $10,500 ",," $2,108,500 "," $1,535,562 ","$ (572,938.21)", 0 ," $(10,500.00)", $-   ,,#DIV/0!,,,,,,
209,11/20/2018,Tuesday,November,Q4,0,NO,,,,," $10,500 ",," $2,119,000 "," $1,535,562 ","$ (583,438.21)", 0 ," $(10,500.00)", $-   ,,#DIV/0!,,,,,,
210,11/21/2018,Wednesday,November,Q4,0,NO,,,,," $10,500 ",," $2,129,500 "," $1,535,562 ","$ (593,938.21)", 0 ," $(10,500.00)", $-   ,,#DIV/0!,,,,,,
211,11/26/2018,Monday,November,Q4,0,NO,,,,," $10,500 ",," $2,140,000 "," $1,535,562 ","$ (604,438.21)", 0 ," $(10,500.00)", $-   ,,#DIV/0!,,,,,,
212,11/27/2018,Tuesday,November,Q4,0,NO,,,,," $10,500 ",," $2,150,500 "," $1,535,562 ","$ (614,938.21)", 0 ," $(10,500.00)", $-   ,,#DIV/0!,,,,,,
213,11/28/2018,Wednesday,November,Q4,0,NO,,,,," $10,500 ",," $2,161,000 "," $1,535,562 ","$ (625,438.21)", 0 ," $(10,500.00)", $-   ,,#DIV/0!,,,,,,
214,11/29/2018,Thursday,November,Q4,0,NO,,,,," $10,500 ",," $2,171,500 "," $1,535,562 ","$ (635,938.21)", 0 ," $(10,500.00)", $-   ,,#DIV/0!,,,,,,
215,12/3/2018,Monday,December,Q4,0,NO,,,,," $10,500 ",," $2,182,000 "," $1,535,562 ","$ (646,438.21)", 0 ," $(10,500.00)", $-   ,,#DIV/0!,,,,,,
216,12/4/2018,Tuesday,December,Q4,0,NO,,,,," $10,500 ",," $2,192,500 "," $1,535,562 ","$ (656,938.21)", 0 ," $(10,500.00)", $-   ,,#DIV/0!,,,,,,
217,12/5/2018,Wednesday,December,Q4,0,NO,,,,," $10,500 ",," $2,203,000 "," $1,535,562 ","$ (667,438.21)", 0 ," $(10,500.00)", $-   ,,#DIV/0!,,,,,,
218,12/6/2018,Thursday,December,Q4,0,NO,,,,," $10,500 ",," $2,213,500 "," $1,535,562 ","$ (677,938.21)", 0 ," $(10,500.00)", $-   ,,#DIV/0!,,,,,,
219,12/7/2018,Friday,December,Q4,0,NO,,,,," $8,000 ",," $2,221,500 "," $1,535,562 ","$ (685,938.21)", 0 ," $(8,000.00)", $-   ,,#DIV/0!,,,,,,
220,12/10/2018,Monday,December,Q4,0,NO,,,,," $10,500 ",," $2,232,000 "," $1,535,562 ","$ (696,438.21)", 0 ," $(10,500.00)", $-   ,,#DIV/0!,,,,,,
221,12/11/2018,Tuesday,December,Q4,0,NO,,,,," $10,500 ",," $2,242,500 "," $1,535,562 ","$ (706,938.21)", 0 ," $(10,500.00)", $-   ,,#DIV/0!,,,,,,
222,12/12/2018,Wednesday,December,Q4,0,NO,,,,," $10,500 ",," $2,253,000 "," $1,535,562 ","$ (717,438.21)", 0 ," $(10,500.00)", $-   ,,#DIV/0!,,,,,,
223,12/13/2018,Thursday,December,Q4,0,NO,,,,," $10,500 ",," $2,263,500 "," $1,535,562 ","$ (727,938.21)", 0 ," $(10,500.00)", $-   ,,#DIV/0!,,,,,,
224,12/17/2018,Monday,December,Q4,0,NO,,,,," $10,500 ",," $2,274,000 "," $1,535,562 ","$ (738,438.21)", 0 ," $(10,500.00)", $-   ,,#DIV/0!,,,,,,
225,12/18/2018,Tuesday,December,Q4,0,NO,,,,," $10,500 ",," $2,284,500 "," $1,535,562 ","$ (748,938.21)", 0 ," $(10,500.00)", $-   ,,#DIV/0!,,,,,,
226,12/19/2018,Wednesday,December,Q4,0,NO,,,,," $10,500 ",," $2,295,000 "," $1,535,562 ","$ (759,438.21)", 0 ," $(10,500.00)", $-   ,,#DIV/0!,,,,,,
227,12/20/2018,Thursday,December,Q4,0,NO,,,,," $10,500 ",," $2,305,500 "," $1,535,562 ","$ (769,938.21)", 0 ," $(10,500.00)", $-   ,,#DIV/0!,,,,,,
228,12/21/2018,Friday,December,Q4,0,NO,,,,," $8,000 ",," $2,313,500 "," $1,535,562 ","$ (777,938.21)", 0 ," $(8,000.00)", $-   ,,#DIV/0!,,,,,,
229,12/24/2018,Monday,December,Q4,0,NO,,,,," $10,500 ",," $2,324,000 "," $1,535,562 ","$ (788,438.21)", 0 ," $(10,500.00)", $-   ,,#DIV/0!,,,,,,
230,12/27/2018,Thursday,December,Q4,0,NO,,,,," $10,500 ",," $2,334,500 "," $1,535,562 ","$ (798,938.21)", 0 ," $(10,500.00)", $-   ,,#DIV/0!,,,,,,
231,12/31/2018,Monday,December,Q4,0,NO,,,,," $10,500 ",," $2,345,000 "," $1,535,562 ","$ (809,438.21)", 0 ," $(10,500.00)", $-   ,,#DIV/0!,,,,,,
,,,,,,,,,,,,,,,,,,,,,,,,,,
,,,,,,,,,,,, GOAL CALCULATION ,,,,,,,,,,,,,,
,,,,,,,,,,," $2,345,000 ", Total Clinic Production Goal Entered ,,,,,,,,,,,,,,
,,,,,,,,,,," $100,800 ", Estimated OR Production (Not using the budget because actual is coming up as half that). ,,,,,,,,,,,,,,
,,,,,,,,,,," $2,445,800 ", Total Annual Goal  ,,,,,,,,,,,,,,
,,,,,,,,,,," $2,250,136 ", 92% Collection Rate ,,,,,,,,,,,,,,
,,,,,,,,,,,,,,,,,,,,,,,,,,
,,,,,,,,,,," $2,249,950 ", 2018 Collection Budget for SW Clinic ,,,,,,,,,,,,,,
,,,,,,,,,,, $186 , Goal Over (Under) Budget ,,,,,,,,,,,,,,
